Workbook

Sheet Inicio
C4: Exportaciones de gas natural por puntos de salida
C9: Fuente/Notas | D9: enero 2010-actualidad | E9: Anejos de la Resolución del 15 de diciembre 2008
D10: Desde octubre 2014 | E10: De conformidad con la normativa europea, se agrupan las interconexiones en VIP Ibérico (Badajoz, Tuy y VIP Portugal) y VIP Pirineos (Irún y Larrau)
D11: enero 2015-actualidad | E11: Por adaptación a la legislación europea, desde enero de 2015, desaparece el concepto de contrato de tránsito de gas, tratándose en adelante como una importación y una exportación más. En consecuencia los datos de 2014 y 2015 no siempre son comparables.
D12: ^ mayor que 0
D13: * Se incluyen puestas en frío y suministro directo a buques consumidores
D14: Otras Salidas | E14: Se incluyen cisternas o asimilables cuyo punto de salida declarado no forma parte del sistema gasista.
A17: Actualizado el 13-07-2026 | G17: Para más información: cores.institucional@cores.es. Tlf.: +34 91 360 09 10, o visite: www.cores.es

Sheet Conexiones Internacionales
C3: =Inicio!C4 -> Exportaciones de gas natural por puntos de salida
A4: =Inicio!$A$17 -> Actualizado el 13-07-2026 | J4: Unidad: gigavatio hora
C5: Conexiones Internacionales
A6: Año | B6: Mes | C6: Badajoz | D6: Irún | E6: Larrau | F6: Tuy | G6: Zahara de los Atunes | H6: VIP Ibérico | I6: VIP Pirineos | J6: Total Conexiones internacionales
A7: 2010 | B7: enero | C7: 270.76523 | D7: 60.59545 | E7: 781.19584 | F7: 30.34069 | H7: 0 | J7: =SUM(C7:H7) -> 1142.8972
A8: 2010 | B8: febrero | C8: 308.13616 | D8: 55.20149 | E8: 692.55598 | F8: 18.11999 | H8: 0 | J8: =SUM(C8:H8) -> 1074.0136
A9: 2010 | B9: marzo | C9: 253.3749 | D9: 59.67474 | E9: 766.7584 | F9: 37.68241 | H9: 0 | J9: =SUM(C9:H9) -> 1117.4905
A10: 2010 | B10: abril | C10: 459.0939 | D10: 19.35017 | E10: 453.09244 | F10: 51.77132 | H10: 0 | J10: =SUM(C10:H10) -> 983.30783
A11: 2010 | B11: mayo | C11: 323.11179 | D11: 75.52084 | E11: 609.4359 | F11: 41.38473 | H11: 0 | J11: =SUM(C11:H11) -> 1049.4533
A12: 2010 | B12: junio | C12: 224.18412 | D12: 12.77312 | E12: 518.81647 | F12: 42.42245 | H12: 0 | J12: =SUM(C12:H12) -> 798.19616
A13: 2010 | B13: julio | C13: 573.78632 | D13: 37.29671 | E13: 458.54159 | F13: 51.45737 | H13: 0 | J13: =SUM(C13:H13) -> 1121.082
A14: 2010 | B14: agosto | C14: 456.72357 | D14: 63.68114 | E14: 36.20192 | F14: 36.42881 | H14: 0 | J14: =SUM(C14:H14) -> 593.03544
A15: 2010 | B15: septiembre | C15: 543.16841 | D15: 52.4967 | E15: 516.56062 | F15: 61.25829 | H15: 0 | J15: =SUM(C15:H15) -> 1173.484
A16: 2010 | B16: octubre | C16: 415.49789 | D16: 9.83148 | E16: 527.29605 | F16: 132.77559 | H16: 0 | J16: =SUM(C16:H16) -> 1085.401
A17: 2010 | B17: noviembre | C17: 492.70958 | D17: 52.25607 | E17: 570.93555 | F17: 151.8486 | H17: 0 | J17: =SUM(C17:H17) -> 1267.7498
A18: 2010 | B18: diciembre | C18: 688.90191 | D18: 54.22895 | E18: 648.55042 | F18: 63.869 | H18: 0 | J18: =SUM(C18:H18) -> 1455.5503
A19: 2010 | B19: total | C19: =SUM(C7:C18) -> 5009.4538 | D19: =SUM(D7:D18) -> 552.90686 | E19: =SUM(E7:E18) -> 6579.9412 | F19: =SUM(F7:F18) -> 719.35925 | H19: =SUM(H7:H18) -> 0 | J19: =SUM(C19:H19) -> 12861.661
A20: 2011 | B20: enero | C20: 482.33768 | D20: 58.27575 | E20: 791.14683 | F20: 63.524 | H20: 0 | J20: =SUM(C20:H20) -> 1395.2843
A21: 2011 | B21: febrero | C21: 677.18688 | D21: 25.50209 | E21: 448.73328 | F21: 91.78804 | H21: 0 | J21: =SUM(C21:H21) -> 1243.2103
A22: 2011 | B22: marzo | C22: 708.64171 | D22: 112.48378 | E22: 547.80054 | F22: 95.33067 | H22: 0 | J22: =SUM(C22:H22) -> 1464.2567
A23: 2011 | B23: abril | C23: 438.44445 | D23: 44.9982 | E23: 110.78866 | F23: 127.25466 | H23: 0 | J23: =SUM(C23:H23) -> 721.48597
A24: 2011 | B24: mayo | C24: 1095.2604 | D24: 70.79875 | E24: 213.23784 | F24: 197.22278 | H24: 0 | J24: =SUM(C24:H24) -> 1576.5198
A25: 2011 | B25: junio | C25: 371.72589 | D25: 0 | E25: 88.11402 | F25: 144.10911 | H25: 0 | J25: =SUM(C25:H25) -> 603.94902
A26: 2011 | B26: julio | C26: 299.347 | D26: 0 | E26: 35.667 | F26: 304.714 | H26: 0 | J26: =SUM(C26:H26) -> 639.728
A27: 2011 | B27: agosto | C27: 494.23203 | D27: 0 | E27: 0.15039 | F27: 277.14168 | H27: 0 | J27: =SUM(C27:H27) -> 771.5241
A28: 2011 | B28: septiembre | C28: 559.94 | D28: 0 | E28: 0 | F28: 312.58299 | H28: 0 | J28: =SUM(C28:H28) -> 872.52299
A29: 2011 | B29: octubre | C29: 379.67128 | D29: 68.62227 | E29: 0 | F29: 329.33467 | H29: 0 | J29: =SUM(C29:H29) -> 777.62822
A30: 2011 | B30: noviembre | C30: 194.75836 | D30: 0 | E30: 0 | F30: 298.22928 | H30: 0 | J30: =SUM(C30:H30) -> 492.98764
A31: 2011 | B31: diciembre | C31: 178.74949 | D31: 0 | E31: 0 | F31: 318.75 | H31: 0 | J31: =SUM(C31:H31) -> 497.49949
A32: 2011 | B32: total | C32: =SUM(C20:C31) -> 5880.2952 | D32: =SUM(D20:D31) -> 380.68084 | E32: =SUM(E20:E31) -> 2235.6386 | F32: =SUM(F20:F31) -> 2559.9819 | H32: =SUM(H20:H31) -> 0 | J32: =SUM(C32:H32) -> 11056.596
A33: 2012 | B33: enero | C33: 830.43385 | D33: 0 | E33: 0 | F33: 341.80641 | H33: 0 | J33: =SUM(C33:H33) -> 1172.2403
A34: 2012 | B34: febrero | C34: 707.38005 | D34: 5.74989 | E34: 24.83972 | F34: 282.31512 | H34: 0 | J34: =SUM(C34:H34) -> 1020.2848
A35: 2012 | B35: marzo | C35: 310.69936 | D35: 0 | E35: 0 | F35: 355.18083 | H35: 0 | J35: =SUM(C35:H35) -> 665.88019
A36: 2012 | B36: abril | C36: 280.35671 | D36: 0 | E36: 0 | F36: 270.6 | H36: 0 | J36: =SUM(C36:H36) -> 550.95671
A37: 2012 | B37: mayo | C37: 142.65174 | D37: 0 | E37: 0 | F37: 291.11 | H37: 0 | J37: =SUM(C37:H37) -> 433.76174
A38: 2012 | B38: junio | C38: 253.34 | D38: 0 | E38: 0 | F38: 250.85 | H38: 0 | J38: =SUM(C38:H38) -> 504.19
A39: 2012 | B39: julio | C39: 327.054 | D39: 0 | E39: 0 | F39: 346.8 | H39: 0 | J39: =SUM(C39:H39) -> 673.854
A40: 2012 | B40: agosto | C40: 352.5008 | D40: 0 | E40: 69.3 | F40: 251.5 | H40: 0 | J40: =SUM(C40:H40) -> 673.3008
A41: 2012 | B41: septiembre | C41: 446.7522 | D41: 0 | E41: 0 | F41: 291 | H41: 0 | J41: =SUM(C41:H41) -> 737.7522
A42: 2012 | B42: octubre | C42: 440.1176 | D42: 43.2642 | E42: 26.94989 | F42: 315.5 | H42: 0 | J42: =SUM(C42:H42) -> 825.83169
A43: 2012 | B43: noviembre | C43: 321.5198 | D43: 44.75607 | E43: 28.87488 | F43: 340 | H43: 0 | J43: =SUM(C43:H43) -> 735.15075
A44: 2012 | B44: diciembre | C44: 292.5134 | D44: 0 | E44: 0 | F44: 288.8 | H44: 0 | J44: =SUM(C44:H44) -> 581.3134
A45: 2012 | B45: total | C45: =SUM(C33:C44) -> 4705.3195 | D45: =SUM(D33:D44) -> 93.77016 | E45: =SUM(E33:E44) -> 149.96449 | F45: =SUM(F33:F44) -> 3625.4624 | H45: =SUM(H33:H44) -> 0 | J45: =SUM(C45:H45) -> 8574.5165
A46: 2013 | B46: enero | C46: 68.95 | D46: 0 | E46: 0 | F46: 406.0102 | H46: 0 | J46: =SUM(C46:H46) -> 474.9602
A47: 2013 | B47: febrero | C47: 35.392 | D47: 0 | E47: 0 | F47: 294 | H47: 0 | J47: =SUM(C47:H47) -> 329.392
A48: 2013 | B48: marzo | C48: 29.376 | D48: 0 | E48: 34.10753 | F48: 320.3 | H48: 122.45 | J48: =SUM(C48:H48) -> 506.23353
A49: 2013 | B49: abril | C49: 48.2 | D49: 0 | E49: 758.18913 | F49: 291 | H49: 495.98022 | J49: =SUM(C49:H49) -> 1593.3693
A50: 2013 | B50: mayo | C50: 49.8 | D50: 0 | E50: 1731.1518 | F50: 226.1 | H50: 243.05 | J50: =SUM(C50:H50) -> 2250.1018
A51: 2013 | B51: junio | C51: 48.1 | D51: 0 | E51: 456.72189 | F51: 243.95 | H51: 178.5 | J51: =SUM(C51:H51) -> 927.27189
A52: 2013 | B52: julio | C52: 49.7 | D52: 0 | E52: 463.70472 | F52: 226.1 | H52: 77.35 | J52: =SUM(C52:H52) -> 816.85472
A53: 2013 | B53: agosto | C53: 43.6 | D53: 0 | E53: 468.70675 | F53: 248.4 | H53: 92.225 | J53: =SUM(C53:H53) -> 852.93175
A54: 2013 | B54: septiembre | C54: 47.00001 | D54: 0 | E54: 635.93331 | F54: 274.8 | H54: 90 | J54: =SUM(C54:H54) -> 1047.7333
A55: 2013 | B55: octubre | C55: 67.89999 | D55: 0 | E55: 336.64556 | F55: 282.1 | H55: 79.05 | J55: =SUM(C55:H55) -> 765.69555
A56: 2013 | B56: noviembre | C56: 47.82276 | D56: 0 | E56: 72.4287 | F56: 290.9 | H56: 89.25 | J56: =SUM(C56:H56) -> 500.40146
A57: 2013 | B57: diciembre | C57: 57.16279 | D57: 0 | E57: 9.32418 | F57: 264.3 | H57: 113.69551 | J57: =SUM(C57:H57) -> 444.48248
A58: 2013 | B58: total | C58: =SUM(C46:C57) -> 593.00355 | D58: =SUM(D46:D57) -> 0 | E58: =SUM(E46:E57) -> 4966.9136 | F58: =SUM(F46:F57) -> 3367.9602 | H58: =SUM(H46:H57) -> 1581.5507 | J58: =SUM(C58:H58) -> 10509.428
A59: 2014 | B59: enero | C59: 32.2 | D59: 0 | E59: 158.17648 | F59: 271.6 | G59: 0 | H59: 215.72271 | I59: 0 | J59: 677.69919
A60: 2014 | B60: febrero | C60: 30.2 | D60: 0 | E60: 11.74044 | F60: 282.3 | G60: 0 | H60: 103.6 | I60: 0 | J60: 427.84044
A61: 2014 | B61: marzo | C61: 33 | D61: 0 | E61: 81.83289 | F61: 310 | G61: 0 | H61: 270.01859 | I61: 0 | J61: 694.85148 | L61: =L55-C59 -> -32.2 | M61: =M55-D59 -> 0 | N61: =N55-E59 -> -158.17648 | O61: =O55-F59 -> -271.6 | P61: ='Plantas de regasificación'!L60-H59 -> -215.72271
A62: 2014 | B62: abril | C62: 32.2074 | D62: 0 | E62: 45.68856 | F62: 268.85 | G62: 0 | H62: 261 | I62: 0 | J62: 607.74596 | L62: =L56-C60 -> -30.2 | M62: =M56-D60 -> 0 | N62: =N56-E60 -> -11.74044 | O62: =O56-F60 -> -282.3 | P62: ='Plantas de regasificación'!L61-H60 -> -103.6
A63: 2014 | B63: mayo | C63: 33.2923 | D63: 0 | E63: 30.47904 | F63: 286 | G63: 0 | H63: 268.97905 | I63: 0 | J63: 618.75039 | L63: =L57-C61 -> -33 | M63: =M57-D61 -> 0 | N63: =N57-E61 -> -81.83289 | O63: =O57-F61 -> -310 | P63: ='Plantas de regasificación'!L62-H61 -> -270.01859
A64: 2014 | B64: junio | C64: 30.6792 | D64: 0 | E64: 41.1066 | F64: 299.1 | G64: 0 | H64: 219 | I64: 0 | J64: 589.8858 | L64: =L58-C62 -> -32.2074 | M64: =M58-D62 -> 0 | N64: =N58-E62 -> -45.68856 | O64: =O58-F62 -> -268.85 | P64: ='Plantas de regasificación'!L63-H62 -> -261
A65: 2014 | B65: julio | C65: 32.5282 | D65: 0 | E65: 17.77109 | F65: 290.7 | G65: 0 | H65: 83.7 | I65: 0 | J65: 424.69929 | L65: =L60-C64 -> -30.6792 | M65: =M60-D64 -> 0 | N65: =N60-E64 -> -41.1066 | O65: =O60-F64 -> -299.1 | P65: =P60-H64 -> -219
A66: 2014 | B66: agosto | C66: 31.4433 | D66: 0 | E66: 0.5013 | F66: 252 | G66: 0 | H66: 84.01 | I66: 0 | J66: 367.9546
A67: 2014 | B67: septiembre | C67: 32.547 | D67: 0 | E67: 15.14327 | F67: 226.95 | G67: 0 | H67: 81 | I67: 0 | J67: 355.64027
A68: 2014 | B68: octubre | C68: 47.74 | D68: 0 | F68: 446.66524 | G68: 0 | H68: 157.7 | I68: 1.58411 | J68: 653.68935
A69: 2014 | B69: noviembre | C69: 508.53468 | D69: 0 | F69: 0 | G69: 0 | H69: 126 | I69: 0 | J69: 634.53468
A70: 2014 | B70: diciembre | C70: 51.94394 | D70: 0 | F70: 0 | G70: 0 | H70: 560.25668 | I70: 0 | J70: 612.20062
A71: 2014 | B71: total | C71: 896.31602 | D71: 0 | E71: 402.43967 | F71: 2934.1652 | G71: 0 | H71: 2430.987 | I71: 1.58411 | J71: 6665.4921
A72: 2015 | B72: enero | C72: 47.74 | D72: 0 | F72: 0 | G72: 0 | H72: 3046.5725 | I72: 0 | J72: 3094.3125
A73: 2015 | B73: febrero | C73: 0 | D73: 0 | F73: 0 | G73: 0 | H73: 1575.7578 | I73: 0.40104 | J73: 1576.1588
A74: 2015 | B74: marzo | C74: 47.74 | D74: 0 | F74: 0 | G74: 0 | H74: 1542.065 | I74: 15.37524 | J74: 1605.1802
A75: 2015 | B75: abril | C75: 46.2 | D75: 0 | F75: 0 | G75: 0 | H75: 2772.5616 | I75: 635.40648 | J75: 3454.168
A76: 2015 | B76: mayo | C76: 47.74 | D76: 0 | F76: 0 | G76: 0 | H76: 3098.7896 | I76: 642.93551 | J76: 3789.4651
A77: 2015 | B77: junio | C77: 46.2 | D77: 0 | F77: 0 | G77: 0 | H77: 3673.3559 | I77: 535.39101 | J77: 4254.947
A78: 2015 | B78: julio | C78: 31 | D78: 0 | F78: 0 | G78: 0 | H78: 3711.4361 | I78: 1334.1737 | J78: 5076.6098
A79: 2015 | B79: agosto | C79: 31 | D79: 0 | F79: 0 | G79: 0 | H79: 3316.6493 | I79: 1103.908 | J79: 4451.5572
A80: 2015 | B80: septiembre | C80: 30 | D80: 0 | F80: 0 | G80: 0 | H80: 3409.1155 | I80: 1164.9458 | J80: 4604.0613
A81: 2015 | B81: octubre | C81: 47.74 | D81: 0 | F81: 0 | G81: 0 | H81: 3005.245 | I81: 138.64069 | J81: 3191.6256
A82: 2015 | B82: noviembre | C82: 46.1996 | D82: 0 | F82: 0 | G82: 0 | H82: 2741.7922 | I82: 0 | J82: 2787.9918
A83: 2015 | B83: diciembre | C83: 0 | D83: 0 | F83: 0 | G83: 0 | H83: 2984.6321 | I83: 14.51491 | J83: 2999.147
... A219: 2026 | B219: mayo | C219: 0 | D219: 0 | F219: 0 | G219: 780.807 | H219: 116.70973 | I219: 2065.3697 | J219: 2962.8864
C220: 0 | D220: 0 | F220: 0 | G220: 0 | H220: 0 | I220: 0 | J220: 0
C221: 0 | D221: 0 | F221: 0 | G221: 0 | H221: 0 | I221: 0 | J221: 0
C222: 0 | D222: 0 | F222: 0 | G222: 0 | H222: 0 | I222: 0 | J222: 0
C223: 0 | D223: 0 | F223: 0 | G223: 0 | H223: 0 | I223: 0 | J223: 0
C224: 0 | D224: 0 | F224: 0 | G224: 0 | H224: 0 | I224: 0 | J224: 0
C225: 0 | D225: 0 | F225: 0 | G225: 0 | H225: 0 | I225: 0 | J225: 0
C226: 0 | D226: 0 | F226: 0 | G226: 0 | H226: 0 | I226: 0 | J226: 0
C228: 0 | D228: 0 | E228: 0 | G228: 0 | H228: 0 | I228: 0
C229: 0 | D229: 0 | E229: 0 | G229: 0 | H229: 0 | I229: 0
C230: 0 | D230: 0 | E230: 0 | G230: 0 | H230: 0 | I230: 0
C231: 0 | D231: 0 | E231: 0 | G231: 0 | H231: 0 | I231: 0
C232: 0 | D232: 0 | E232: 0 | G232: 0 | H232: 0 | I232: 0
C233: 0 | D233: 0 | E233: 0 | G233: 0 | H233: 0 | I233: 0
C234: 0 | D234: 0 | E234: 0 | G234: 0 | H234: 0 | I234: 0
C235: 0 | D235: 0 | E235: 0 | G235: 0 | H235: 0 | I235: 0
C236: 0 | D236: 0 | E236: 0 | G236: 0 | H236: 0 | I236: 0
C237: 0 | D237: 0 | E237: 0 | G237: 0 | H237: 0 | I237: 0
C238: 0 | D238: 0 | E238: 0 | G238: 0 | H238: 0 | I238: 0
...

Sheet Plantas de regasificación
C3: =Inicio!C4 -> Exportaciones de gas natural por puntos de salida
A4: =Inicio!$A$17 -> Actualizado el 13-07-2026 | J4: Unidad: gigavatio hora
C5: Plantas de regasificación*
A6: Año | B6: Mes | C6: Barcelona | D6: Bilbao | E6: Cartagena | F6: Huelva | G6: Mugardos | H6: Musel | I6: Sagunto | J6: Total Plantas de regasificación
A7: 2010 | B7: enero | J7: =SUM(C7:I7) -> 0
A8: 2010 | B8: febrero | J8: =SUM(C8:I8) -> 0
A9: 2010 | B9: marzo | J9: =SUM(C9:I9) -> 0
A10: 2010 | B10: abril | J10: =SUM(C10:I10) -> 0
A11: 2010 | B11: mayo | J11: =SUM(C11:I11) -> 0
A12: 2010 | B12: junio | C12: 0.215 | E12: 0 | F12: 0 | G12: 0 | I12: 0 | J12: =SUM(C12:I12) -> 0.215
A13: 2010 | B13: julio | C13: 0.6094 | E13: 0 | F13: 0 | G13: 0 | I13: 0 | J13: =SUM(C13:I13) -> 0.6094
A14: 2010 | B14: agosto | C14: 0.512 | E14: 0 | F14: 49.29551 | G14: 0 | I14: 0 | J14: =SUM(C14:I14) -> 49.80751
A15: 2010 | B15: septiembre | C15: 0.422 | E15: 0 | F15: 0 | G15: 0 | I15: 0 | J15: =SUM(C15:I15) -> 0.422
A16: 2010 | B16: octubre | C16: 0.212 | E16: 0 | F16: 0 | G16: 0 | I16: 0 | J16: =SUM(C16:I16) -> 0.212
A17: 2010 | B17: noviembre | C17: 0.415 | E17: 0 | F17: 0 | G17: 0 | I17: 0 | J17: =SUM(C17:I17) -> 0.415
A18: 2010 | B18: diciembre | C18: 0.419 | E18: 0 | F18: 0 | G18: 0 | I18: 0 | J18: =SUM(C18:I18) -> 0.419
A19: 2010 | B19: total | C19: =SUM(C7:C18) -> 2.8044 | D19: =SUM(D7:D18) -> 0 | E19: =SUM(E7:E18) -> 0 | F19: =SUM(F7:F18) -> 49.29551 | G19: =SUM(G7:G18) -> 0 | I19: =SUM(I7:I18) -> 0 | J19: =SUM(C19:I19) -> 52.09991
A20: 2011 | B20: enero | C20: 0.424 | E20: 0 | F20: 0 | G20: 0 | J20: =SUM(C20:I20) -> 0.424
A21: 2011 | B21: febrero | C21: 0.412 | E21: 0 | F21: 459.89139 | G21: 0 | J21: =SUM(C21:I21) -> 460.30339
A22: 2011 | B22: marzo | C22: 0.334 | E22: 0 | F22: 469.37487 | G22: 0 | J22: =SUM(C22:I22) -> 469.70887
A23: 2011 | B23: abril | C23: 0.343 | E23: 0 | F23: 0 | G23: 5.19808 | J23: =SUM(C23:I23) -> 5.54108
A24: 2011 | B24: mayo | C24: 0.351 | E24: 0 | F24: 25.80237 | G24: 1007.4414 | J24: =SUM(C24:I24) -> 1033.5948
A25: 2011 | B25: junio | C25: 0.355 | E25: 166.45518 | F25: 0 | G25: 0 | J25: =SUM(C25:I25) -> 166.81018
A26: 2011 | B26: julio | C26: 0.363 | E26: 787.56273 | F26: 0 | G26: 0 | J26: =SUM(C26:I26) -> 787.92573
A27: 2011 | B27: agosto | C27: 0.49374 | E27: 0 | F27: 0 | G27: 0 | J27: =SUM(C27:I27) -> 0.49374
A28: 2011 | B28: septiembre | C28: 0.29515 | E28: 0 | F28: 473.93746 | G28: 959.72183 | J28: =SUM(C28:I28) -> 1433.9544
A29: 2011 | B29: octubre | C29: 0.154 | E29: 255.10653 | F29: 1123.3823 | G29: 468.88217 | J29: =SUM(C29:I29) -> 1847.525
A30: 2011 | B30: noviembre | C30: 0.35422 | E30: 463.04682 | F30: 0 | G30: 924.749 | J30: =SUM(C30:I30) -> 1388.15
A31: 2011 | B31: diciembre | C31: 0.157 | E31: 464.97312 | F31: 0 | G31: 0 | J31: =SUM(C31:I31) -> 465.13012
A32: 2011 | B32: total | C32: =SUM(C20:C31) -> 4.03611 | D32: =SUM(D20:D31) -> 0 | E32: =SUM(E20:E31) -> 2137.1444 | F32: =SUM(F20:F31) -> 2552.3884 | G32: =SUM(G20:G31) -> 3365.9925 | I32: =SUM(I20:I31) -> 0 | J32: =SUM(C32:I32) -> 8059.5613
A33: 2012 | B33: enero | C33: 0.52347 | E33: 227.8255 | F33: 777.1529 | G33: 36.23733 | I33: 0 | J33: =SUM(C33:I33) -> 1041.7392
A34: 2012 | B34: febrero | C34: 0.29347 | E34: 225.78379 | F34: 1079.6843 | G34: 0 | I34: 0 | J34: =SUM(C34:I34) -> 1305.7616
A35: 2012 | B35: marzo | C35: 0.88943 | E35: 913.13748 | F35: 1118.1564 | G35: 0 | I35: 0 | J35: =SUM(C35:I35) -> 2032.1833
A36: 2012 | B36: abril | C36: 0.85208 | E36: 1691.5741 | F36: 0 | G36: 1324.6153 | I36: 0 | J36: =SUM(C36:I36) -> 3017.0415
A37: 2012 | B37: mayo | C37: 1.11531 | E37: 815.13475 | F37: 2407.0028 | G37: 84.77999 | I37: 0 | J37: =SUM(C37:I37) -> 3308.0328
A38: 2012 | B38: junio | C38: 1.173 | E38: 990.60975 | F38: 1685.8826 | G38: 70.57424 | I38: 0 | J38: =SUM(C38:I38) -> 2748.2396
A39: 2012 | B39: julio | C39: 1.19856 | E39: 796.96444 | F39: 895.005 | G39: 2.64464 | I39: 0 | J39: =SUM(C39:I39) -> 1695.8126
A40: 2012 | B40: agosto | C40: 0.24782 | E40: 604.51108 | F40: 0 | G40: 971.29182 | I40: 0 | J40: =SUM(C40:I40) -> 1576.0507
A41: 2012 | B41: septiembre | C41: 0.86627 | E41: 0 | F41: 941.42101 | G41: 2.35275 | I41: 0 | J41: =SUM(C41:I41) -> 944.64003
A42: 2012 | B42: octubre | C42: 1.87436 | E42: 2408.0159 | F42: 0 | G42: 937.61527 | I42: 0 | J42: =SUM(C42:I42) -> 3347.5056
A43: 2012 | B43: noviembre | C43: 2.19105 | E43: 0 | F43: 24.95401 | G43: 2.94185 | I43: 0 | J43: =SUM(C43:I43) -> 30.08691
A44: 2012 | B44: diciembre | C44: 3.75345 | E44: 1860.4315 | F44: 0 | G44: 27.57067 | I44: 0 | J44: =SUM(C44:I44) -> 1891.7556
A45: 2012 | B45: total | C45: =SUM(C33:C44) -> 14.97827 | D45: =SUM(D33:D44) -> 0 | E45: =SUM(E33:E44) -> 10533.988 | F45: =SUM(F33:F44) -> 8929.259 | G45: =SUM(G33:G44) -> 3460.6238 | I45: =SUM(I33:I44) -> 0 | J45: =SUM(C45:I45) -> 22938.849
A46: 2013 | B46: enero | C46: 6.12846 | E46: 0 | F46: 309.48323 | G46: 3.04867 | I46: 0 | J46: =SUM(C46:I46) -> 318.66036
A47: 2013 | B47: febrero | C47: 6.0522 | E47: 0 | F47: 649.4885 | G47: 3.04228 | I47: 0 | J47: =SUM(C47:I47) -> 658.58298
A48: 2013 | B48: marzo | C48: 4.23953 | E48: 0 | F48: 932.43319 | G48: 879.1388 | I48: 827.68955 | J48: =SUM(C48:I48) -> 2643.5011
A49: 2013 | B49: abril | C49: 3.57112 | E49: 816.28081 | F49: 857.4758 | G49: 2.8837 | I49: 516.07217 | J49: =SUM(C49:I49) -> 2196.2836
A50: 2013 | B50: mayo | C50: 6.41947 | E50: 0 | F50: 925.99852 | G50: 26.44703 | I50: 2031.6852 | J50: =SUM(C50:I50) -> 2990.5502
A51: 2013 | B51: junio | C51: 5.53636 | E51: 0 | F51: 1012.6021 | G51: 25.03634 | I51: 835.76373 | J51: =SUM(C51:I51) -> 1878.9385
A52: 2013 | B52: julio | C52: 2.92968 | E52: 0 | F52: 1403.9762 | G52: 2.93661 | I52: 1827.5748 | J52: =SUM(C52:I52) -> 3237.4173
A53: 2013 | B53: agosto | C53: 3.23244 | E53: 1286.4962 | F53: 1095.1035 | G53: 931.66016 | I53: 1663.4149 | J53: =SUM(C53:I53) -> 4979.9072
A54: 2013 | B54: septiembre | C54: 4.50903 | E54: 838.226 | F54: 1008.7684 | G54: 907.0879 | I54: 1314.2257 | J54: =SUM(C54:I54) -> 4072.817
A55: 2013 | B55: octubre | C55: 5.36502 | E55: 842.79 | F55: 1000.7918 | G55: 352.43878 | I55: 1740.5577 | J55: =SUM(C55:I55) -> 3941.9433
A56: 2013 | B56: noviembre | C56: 7.02033 | E56: 0 | F56: 1045.2683 | G56: 155.56931 | I56: 0 | J56: =SUM(C56:I56) -> 1207.8579
A57: 2013 | B57: diciembre | C57: 11.10371 | E57: 927.581 | F57: 1157.0467 | G57: 2.74299 | I57: 1555.0276 | J57: =SUM(C57:I57) -> 3653.502
A58: 2013 | B58: total | C58: =SUM(C46:C57) -> 66.10735 | D58: =SUM(D46:D57) -> 0 | E58: =SUM(E46:E57) -> 4711.374 | F58: =SUM(F46:F57) -> 11398.436 | G58: =SUM(G46:G57) -> 3292.0326 | I58: =SUM(I46:I57) -> 12312.011 | J58: =SUM(C58:I58) -> 31779.962
A59: 2014 | B59: enero | C59: 11.17453 | D59: 0 | E59: 0 | F59: 0 | G59: 2.71008 | I59: 965.96781 | J59: 979.85242
A60: 2014 | B60: febrero | C60: 13.36258 | D60: 0 | E60: 969.34901 | F60: 0 | G60: 84.11438 | I60: 1908.4151 | J60: 2975.241
A61: 2014 | B61: marzo | C61: 13.63789 | D61: 0 | E61: 1398.2414 | F61: 986.10781 | G61: 2653.0718 | I61: 1330.4476 | J61: 6381.5065
A62: 2014 | B62: abril | C62: 13.6569 | D62: 0 | E62: 3242.4239 | F62: 3077.187 | G62: 1271.0148 | I62: 851.26082 | J62: 8455.5434
A63: 2014 | B63: mayo | C63: 12.94889 | D63: 0 | E63: 2063.8511 | F63: 2860.8598 | G63: 3.39448 | I63: 3004.7349 | J63: 7945.7892
A64: 2014 | B64: junio | C64: 12.11876 | D64: 0 | E64: 17.68644 | F64: 1866.8057 | G64: 941.25345 | I64: 2009.3286 | J64: 4847.193
A65: 2014 | B65: julio | C65: 12.98165 | D65: 0 | E65: 1908.2176 | F65: 63.30867 | G65: 3.08614 | I65: 853.00579 | J65: 2840.5998
A66: 2014 | B66: agosto | C66: 11.04 | D66: 0 | E66: 1069.3006 | F66: 906.72641 | G66: 892.29725 | I66: 1203.9178 | J66: 4083.2821
A67: 2014 | B67: septiembre | C67: 1258.0403 | D67: 0 | E67: 1050.5652 | F67: 1940.0912 | G67: 1031.319 | I67: 1141.5678 | J67: 6421.5835
A68: 2014 | B68: octubre | C68: 1089.8233 | D68: 0 | E68: 1629.0714 | F68: 2175.9489 | G68: 3.1445 | I68: 3160.912 | J68: 8058.9001
A69: 2014 | B69: noviembre | C69: 16.181 | D69: 0 | E69: 1166.5259 | F69: 1089.0075 | G69: 61.77821 | I69: 1958.5496 | J69: 4292.0422
A70: 2014 | B70: diciembre | C70: 20.80816 | D70: 0 | E70: 1504.3292 | F70: 960.89065 | G70: 37.10834 | I70: 875.9788 | J70: 3399.1151
... A136: 2019 | B136: total | C136: 460.94948 | D136: 206.85719 | E136: 5.05276 | F136: 232.44352 | G136: 55.21668 | I136: 0 | J136: 960.51963
A137: 2020 | B137: enero | C137: 135.72369 | D137: 24.91026 | E137: 0 | F137: 53.46135 | G137: 0 | H137: 0 | I137: 51.78046 | J137: 265.87576
A138: 2020 | B138: febrero | C138: 68.77232 | D138: 23.89772 | E138: 0 | F138: 27.59934 | G138: 17.27264 | H138: 0 | I138: 0 | J138: 137.54202
A139: 2020 | B139: marzo | C139: 59.92791 | D139: 19.25963 | E139: 0 | F139: 15.13328 | G139: 0 | H139: 0 | I139: 0 | J139: 94.32082
A140: 2020 | B140: abril | C140: 10.67149 | D140: 11.311 | E140: 0 | F140: 28.11113 | G140: 15.974 | H140: 0 | I140: 0 | J140: 66.06762
A141: 2020 | B141: mayo | C141: 8.95091 | D141: 8.10578 | E141: 0 | F141: 96.12213 | G141: 0 | H141: 0 | I141: 0 | J141: 113.17882
A142: 2020 | B142: junio | C142: 13.65271 | D142: 8.79516 | E142: 0 | F142: 48.9391 | G142: 0 | H142: 0 | I142: 0 | J142: 71.38697
A143: 2020 | B143: julio | C143: 10.94183 | D143: 7.6215 | E143: 0 | F143: 57.867 | G143: 0 | H143: 0 | I143: 0 | J143: 76.43033
A144: 2020 | B144: agosto | C144: 48.35523 | D144: 7.61493 | E144: 0 | F144: 0 | G144: 90.99921 | H144: 0 | I144: 0 | J144: 146.96937
A145: 2020 | B145: septiembre | C145: 37.43547 | D145: 9.58682 | E145: 0 | F145: 0 | G145: 0 | H145: 0 | I145: 0 | J145: 47.02229
A146: 2020 | B146: octubre | C146: 43.97116 | D146: 12.41932 | E146: 0 | F146: 0 | G146: 0 | H146: 0 | I146: 0 | J146: 56.39048
A147: 2020 | B147: noviembre | C147: 54.11361 | D147: 14.55 | E147: 0 | F147: 29.38678 | G147: 0 | H147: 0 | I147: 145.13883 | J147: 243.18922
A148: 2020 | B148: diciembre | C148: 50.477 | D148: 14.62293 | E148: 0 | F148: 0 | G148: 0 | H148: 0 | I148: 0 | J148: 65.09993
... A219: 2026 | B219: mayo | C219: 620.78339 | D219: 71.38121 | E219: 48.87613 | F219: 555.08205 | G219: 152.6333 | H219: 0.22856 | I219: 0 | J219: 1448.9846
C220: 0 | D220: 0 | E220: 0 | F220: 0 | G220: 0 | H220: 0 | I220: 0 | J220: 0
C221: 0 | D221: 0 | E221: 0 | F221: 0 | G221: 0 | H221: 0 | I221: 0 | J221: 0
C222: 0 | D222: 0 | E222: 0 | F222: 0 | G222: 0 | H222: 0 | I222: 0 | J222: 0
C223: 0 | D223: 0 | E223: 0 | F223: 0 | G223: 0 | H223: 0 | I223: 0 | J223: 0
C224: 0 | D224: 0 | E224: 0 | F224: 0 | G224: 0 | H224: 0 | I224: 0 | J224: 0
C225: 0 | D225: 0 | E225: 0 | F225: 0 | G225: 0 | H225: 0 | I225: 0 | J225: 0
C226: 0 | D226: 0 | E226: 0 | F226: 0 | G226: 0 | H226: 0 | I226: 0 | J226: 0
C228: 0 | D228: 0 | E228: 0 | F228: 0 | G228: 0 | I228: 0
C229: 0 | D229: 0 | E229: 0 | F229: 0 | G229: 0 | I229: 0
C230: 0 | D230: 0 | E230: 0 | F230: 0 | G230: 0 | I230: 0
C231: 0 | D231: 0 | E231: 0 | F231: 0 | G231: 0 | I231: 0
C232: 0 | D232: 0 | E232: 0 | F232: 0 | G232: 0 | I232: 0
C233: 0 | D233: 0 | E233: 0 | F233: 0 | G233: 0 | I233: 0
C234: 0 | D234: 0 | E234: 0 | F234: 0 | G234: 0 | I234: 0
C235: 0 | D235: 0 | E235: 0 | F235: 0 | G235: 0 | I235: 0
C236: 0 | D236: 0 | E236: 0 | F236: 0 | G236: 0 | I236: 0
C237: 0 | D237: 0 | E237: 0 | F237: 0 | G237: 0 | I237: 0
C238: 0 | D238: 0 | E238: 0 | F238: 0 | G238: 0 | I238: 0
...

Sheet Todos
C3: =Inicio!C4 -> Exportaciones de gas natural por puntos de salida
A4: =Inicio!$A$17 -> Actualizado el 13-07-2026 | Y4: Unidad: gigavatio hora
C5: ='Conexiones Internacionales'!C5:L5 -> Conexiones Internacionales | L5: ='Plantas de regasificación'!C5 -> Plantas de regasificación* | W5: Total | X5: Total GNL | Y5: Total GN
A6: Año | B6: Mes | C6: ='Conexiones Internacionales'!C6 -> Badajoz | D6: ='Conexiones Internacionales'!D6 -> Irún | E6: ='Conexiones Internacionales'!E6 -> Larrau | F6: ='Conexiones Internacionales'!F6 -> Tuy | G6: Zahara de los Atunes | H6: ='Conexiones Internacionales'!H6 -> VIP Ibérico | I6: ='Conexiones Internacionales'!I6 -> VIP Pirineos | J6: ='Conexiones Internacionales'!J6 -> Total Conexiones internacionales | L6: ='Plantas de regasificación'!C6 -> Barcelona | M6: ='Plantas de regasificación'!D6 -> Bilbao | N6: ='Plantas de regasificación'!E6 -> Cartagena | O6: ='Plantas de regasificación'!F6 -> Huelva | P6: ='Plantas de regasificación'!G6 -> Mugardos | Q6: Musel | R6: ='Plantas de regasificación'!I6 -> Sagunto | S6: ='Plantas de regasificación'!J6 -> Total Plantas de regasificación | U6: Otras Salidas
A7: 2010 | B7: enero | C7: 270.76523 | D7: 60.59545 | E7: 781.19584 | F7: 30.34069 | H7: 0 | I7: 0 | J7: 1142.8972 | L7: 0 | M7: 0 | N7: 0 | O7: 0 | P7: 0 | R7: 0 | S7: 0 | W7: 1142.8972 | X7: 0 | Y7: 1142.8972
A8: 2010 | B8: febrero | C8: 308.13616 | D8: 55.20149 | E8: 692.55598 | F8: 18.11999 | H8: 0 | I8: 0 | J8: 1074.0136 | L8: 0 | M8: 0 | N8: 0 | O8: 0 | P8: 0 | R8: 0 | S8: 0 | W8: 1074.0136 | X8: 0 | Y8: 1074.0136
A9: 2010 | B9: marzo | C9: 253.3749 | D9: 59.67474 | E9: 766.7584 | F9: 37.68241 | H9: 0 | I9: 0 | J9: 1117.4905 | L9: 0 | M9: 0 | N9: 0 | O9: 0 | P9: 0 | R9: 0 | S9: 0 | W9: 1117.4905 | X9: 0 | Y9: 1117.4905
A10: 2010 | B10: abril | C10: 459.0939 | D10: 19.35017 | E10: 453.09244 | F10: 51.77132 | H10: 0 | I10: 0 | J10: 983.30783 | L10: 0 | M10: 0 | N10: 0 | O10: 0 | P10: 0 | R10: 0 | S10: 0 | W10: 983.30783 | X10: 0 | Y10: 983.30783
A11: 2010 | B11: mayo | C11: 323.11179 | D11: 75.52084 | E11: 609.4359 | F11: 41.38473 | H11: 0 | I11: 0 | J11: 1049.4533 | L11: 0 | M11: 0 | N11: 0 | O11: 0 | P11: 0 | R11: 0 | S11: 0 | W11: 1049.4533 | X11: 0 | Y11: 1049.4533
A12: 2010 | B12: junio | C12: 224.18412 | D12: 12.77312 | E12: 518.81647 | F12: 42.42245 | H12: 0 | I12: 0 | J12: 798.19616 | L12: 0.215 | M12: 0 | N12: 0 | O12: 0 | P12: 0 | R12: 0 | S12: 0.215 | W12: 798.41116 | X12: 0.215 | Y12: 798.19616
A13: 2010 | B13: julio | C13: 573.78632 | D13: 37.29671 | E13: 458.54159 | F13: 51.45737 | H13: 0 | I13: 0 | J13: 1121.082 | L13: 0.6094 | M13: 0 | N13: 0 | O13: 0 | P13: 0 | R13: 0 | S13: 0.6094 | W13: 1121.6914 | X13: 0.6094 | Y13: 1121.082
A14: 2010 | B14: agosto | C14: 456.72357 | D14: 63.68114 | E14: 36.20192 | F14: 36.42881 | H14: 0 | I14: 0 | J14: 593.03544 | L14: 0.512 | M14: 0 | N14: 0 | O14: 49.29551 | P14: 0 | R14: 0 | S14: 49.80751 | W14: 642.84295 | X14: 49.80751 | Y14: 593.03544
A15: 2010 | B15: septiembre | C15: 543.16841 | D15: 52.4967 | E15: 516.56062 | F15: 61.25829 | H15: 0 | I15: 0 | J15: 1173.484 | L15: 0.422 | M15: 0 | N15: 0 | O15: 0 | P15: 0 | R15: 0 | S15: 0.422 | W15: 1173.906 | X15: 0.422 | Y15: 1173.484
A16: 2010 | B16: octubre | C16: 415.49789 | D16: 9.83148 | E16: 527.29605 | F16: 132.77559 | H16: 0 | I16: 0 | J16: 1085.401 | L16: 0.212 | M16: 0 | N16: 0 | O16: 0 | P16: 0 | R16: 0 | S16: 0.212 | W16: 1085.613 | X16: 0.212 | Y16: 1085.401
A17: 2010 | B17: noviembre | C17: 492.70958 | D17: 52.25607 | E17: 570.93555 | F17: 151.8486 | H17: 0 | I17: 0 | J17: 1267.7498 | L17: 0.415 | M17: 0 | N17: 0 | O17: 0 | P17: 0 | R17: 0 | S17: 0.415 | W17: 1268.1648 | X17: 0.415 | Y17: 1267.7498
A18: 2010 | B18: diciembre | C18: 688.90191 | D18: 54.22895 | E18: 648.55042 | F18: 63.869 | H18: 0 | I18: 0 | J18: 1455.5503 | L18: 0.419 | M18: 0 | N18: 0 | O18: 0 | P18: 0 | R18: 0 | S18: 0.419 | W18: 1455.9693 | X18: 0.419 | Y18: 1455.5503
... A58: 2013 | B58: total | C58: 593.00355 | D58: 0 | E58: 4966.9136 | F58: 3367.9602 | H58: 1581.5507 | I58: 0 | J58: 10509.428 | L58: 66.10735 | M58: 0 | N58: 4711.374 | O58: 11398.436 | P58: 3292.0326 | R58: 12312.011 | S58: 31779.962 | W58: 42289.39 | X58: 31779.962 | Y58: 10509.428
A59: 2014 | B59: enero | C59: 32.2 | D59: 0 | E59: 158.17648 | F59: 271.6 | G59: 0 | H59: 215.72271 | I59: 0 | J59: 677.69919 | L59: 11.17453 | M59: 0 | N59: 0 | O59: 0 | P59: 2.71008 | R59: 965.96781 | S59: 979.85242 | U59: 0 | W59: 1657.5516 | X59: 979.85242 | Y59: 677.69919
A60: 2014 | B60: febrero | C60: 30.2 | D60: 0 | E60: 11.74044 | F60: 282.3 | G60: 0 | H60: 103.6 | I60: 0 | J60: 427.84044 | L60: 13.36258 | M60: 0 | N60: 969.34901 | O60: 0 | P60: 84.11438 | R60: 1908.4151 | S60: 2975.241 | U60: 0 | W60: 3403.0815 | X60: 2975.241 | Y60: 427.84044
A61: 2014 | B61: marzo | C61: 33 | D61: 0 | E61: 81.83289 | F61: 310 | G61: 0 | H61: 270.01859 | I61: 0 | J61: 694.85148 | L61: 13.63789 | M61: 0 | N61: 1398.2414 | O61: 986.10781 | P61: 2653.0718 | R61: 1330.4476 | S61: 6381.5065 | U61: 0 | W61: 7076.358 | X61: 6381.5065 | Y61: 694.85148
A62: 2014 | B62: abril | C62: 32.2074 | D62: 0 | E62: 45.68856 | F62: 268.85 | G62: 0 | H62: 261 | I62: 0 | J62: 607.74596 | L62: 13.6569 | M62: 0 | N62: 3242.4239 | O62: 3077.187 | P62: 1271.0148 | R62: 851.26082 | S62: 8455.5434 | U62: 0 | W62: 9063.2893 | X62: 8455.5434 | Y62: 607.74596
A63: 2014 | B63: mayo | C63: 33.2923 | D63: 0 | E63: 30.47904 | F63: 286 | G63: 0 | H63: 268.97905 | I63: 0 | J63: 618.75039 | L63: 12.94889 | M63: 0 | N63: 2063.8511 | O63: 2860.8598 | P63: 3.39448 | R63: 3004.7349 | S63: 7945.7892 | U63: 0 | W63: 8564.5396 | X63: 7945.7892 | Y63: 618.75039
A64: 2014 | B64: junio | C64: 30.6792 | D64: 0 | E64: 41.1066 | F64: 299.1 | G64: 0 | H64: 219 | I64: 0 | J64: 589.8858 | L64: 12.11876 | M64: 0 | N64: 17.68644 | O64: 1866.8057 | P64: 941.25345 | R64: 2009.3286 | S64: 4847.193 | U64: 0 | W64: 5437.0788 | X64: 4847.193 | Y64: 589.8858
A65: 2014 | B65: julio | C65: 32.5282 | D65: 0 | E65: 17.77109 | F65: 290.7 | G65: 0 | H65: 83.7 | I65: 0 | J65: 424.69929 | L65: 12.98165 | M65: 0 | N65: 1908.2176 | O65: 63.30867 | P65: 3.08614 | R65: 853.00579 | S65: 2840.5998 | U65: 0 | W65: 3265.2991 | X65: 2840.5998 | Y65: 424.69929
A66: 2014 | B66: agosto | C66: 31.4433 | D66: 0 | E66: 0.5013 | F66: 252 | G66: 0 | H66: 84.01 | I66: 0 | J66: 367.9546 | L66: 11.04 | M66: 0 | N66: 1069.3006 | O66: 906.72641 | P66: 892.29725 | R66: 1203.9178 | S66: 4083.2821 | U66: 0 | W66: 4451.2367 | X66: 4083.2821 | Y66: 367.9546
A67: 2014 | B67: septiembre | C67: 32.547 | D67: 0 | E67: 15.14327 | F67: 226.95 | G67: 0 | H67: 81 | I67: 0 | J67: 355.64027 | L67: 1258.0403 | M67: 0 | N67: 1050.5652 | O67: 1940.0912 | P67: 1031.319 | R67: 1141.5678 | S67: 6421.5835 | U67: 0 | W67: 6777.2238 | X67: 6421.5835 | Y67: 355.64027
A68: 2014 | B68: octubre | C68: 47.74 | D68: 0 | E68: 0 | F68: 446.66524 | G68: 0 | H68: 157.7 | I68: 1.58411 | J68: 653.68935 | L68: 1089.8233 | N68: 1629.0714 | O68: 2175.9489 | P68: 3.1445 | R68: 3160.912 | S68: 8058.9001 | U68: 0 | W68: 8712.5895 | X68: 8058.9001 | Y68: 653.68935
A69: 2014 | B69: noviembre | C69: 508.53468 | D69: 0 | E69: 0 | F69: 0 | G69: 0 | H69: 126 | I69: 0 | J69: 634.53468 | L69: 16.181 | N69: 1166.5259 | O69: 1089.0075 | P69: 61.77821 | R69: 1958.5496 | S69: 4292.0422 | U69: 0 | W69: 4926.5769 | X69: 4292.0422 | Y69: 634.53468
A70: 2014 | B70: diciembre | C70: 51.94394 | D70: 0 | E70: 0 | F70: 0 | G70: 0 | H70: 560.25668 | I70: 0 | J70: 612.20062 | L70: 20.80816 | M70: 0 | N70: 1504.3292 | O70: 960.89065 | P70: 37.10834 | R70: 875.9788 | S70: 3399.1151 | U70: 0 | W70: 4011.3157 | X70: 3399.1151 | Y70: 612.20062
A71: 2014 | B71: total | C71: 896.31602 | D71: 0 | E71: 402.43967 | F71: 2934.1652 | G71: 0 | H71: 2430.987 | I71: 1.58411 | J71: 6665.4921 | L71: 2485.774 | M71: 0 | N71: 16019.562 | O71: 15926.934 | P71: 6984.2924 | R71: 19264.087 | S71: 60680.648 | U71: 0 | W71: 67346.14 | X71: 60680.648 | Y71: 6665.4921
A72: 2015 | B72: enero | C72: 47.74 | D72: 0 | E72: 0 | F72: 0 | G72: 0 | H72: 3046.5725 | I72: 0 | J72: 3094.3125 | L72: 1100.526 | M72: 0 | N72: 485.78696 | O72: 0.62947 | P72: 27.66915 | R72: 0.62687 | S72: 1615.2384 | U72: 0 | W72: 4709.5509 | X72: 1615.2384 | Y72: 3094.3125
A73: 2015 | B73: febrero | C73: 0 | D73: 0 | E73: 0 | F73: 0 | G73: 0 | H73: 1575.7578 | I73: 0.40104 | J73: 1576.1588 | L73: 35.507 | M73: 2.08402 | N73: 0 | O73: 1.4486 | P73: 2.99445 | R73: 0 | S73: 42.03407 | U73: 0 | W73: 1618.1929 | X73: 42.03407 | Y73: 1576.1588
A74: 2015 | B74: marzo | C74: 47.74 | D74: 0 | E74: 0 | F74: 0 | G74: 0 | H74: 1542.065 | I74: 15.37524 | J74: 1605.1802 | L74: 38.18672 | M74: 0 | N74: 1.78316 | O74: 83.3212 | P74: 15.33981 | R74: 20.21193 | S74: 158.84282 | U74: 0 | W74: 1764.0231 | X74: 158.84282 | Y74: 1605.1802
A75: 2015 | B75: abril | C75: 46.2 | D75: 0 | E75: 0 | F75: 0 | G75: 0 | H75: 2772.5616 | I75: 635.40648 | J75: 3454.168 | L75: 24.86498 | M75: 0 | N75: 0 | O75: 0 | P75: 2.74045 | R75: 1077.3327 | S75: 1104.9381 | U75: 0 | W75: 4559.1061 | X75: 1104.9381 | Y75: 3454.168
A76: 2015 | B76: mayo | C76: 47.74 | D76: 0 | E76: 0 | F76: 0 | G76: 0 | H76: 3098.7896 | I76: 642.93551 | J76: 3789.4651 | L76: 973.94732 | M76: 1203.5992 | N76: 0 | O76: 0 | P76: 19.17343 | R76: 1746.6106 | S76: 3943.3305 | U76: 0 | W76: 7732.7956 | X76: 3943.3305 | Y76: 3789.4651
A77: 2015 | B77: junio | C77: 46.2 | D77: 0 | E77: 0 | F77: 0 | G77: 0 | H77: 3673.3559 | I77: 535.39101 | J77: 4254.947 | L77: 26.65794 | M77: 0 | N77: 0 | O77: 1037.6206 | P77: 2.99969 | R77: 250.50045 | S77: 1317.7787 | U77: 0 | W77: 5572.7257 | X77: 1317.7787 | Y77: 4254.947
A78: 2015 | B78: julio | C78: 31 | D78: 0 | E78: 0 | F78: 0 | G78: 0 | H78: 3711.4361 | I78: 1334.1737 | J78: 5076.6098 | L78: 21.89677 | M78: 932.96761 | N78: 0 | O78: 7.66913 | P78: 2.47787 | R78: 782.54684 | S78: 1747.5582 | U78: 0 | W78: 6824.168 | X78: 1747.5582 | Y78: 5076.6098
A79: 2015 | B79: agosto | C79: 31 | D79: 0 | E79: 0 | F79: 0 | G79: 0 | H79: 3316.6493 | I79: 1103.908 | J79: 4451.5572 | L79: 17.16628 | M79: 907.85503 | N79: 608.25701 | O79: 36.14072 | P79: 3.09218 | R79: 1283.4519 | S79: 2855.9631 | U79: 0 | W79: 7307.5203 | X79: 2855.9631 | Y79: 4451.5572
A80: 2015 | B80: septiembre | C80: 30 | D80: 0 | E80: 0 | F80: 0 | G80: 0 | H80: 3409.1155 | I80: 1164.9458 | J80: 4604.0613 | L80: 403.35685 | M80: 3.58709 | N80: 0 | O80: 33.73163 | P80: 7.12359 | R80: 2.16658 | S80: 449.96574 | U80: 0 | W80: 5054.027 | X80: 449.96574 | Y80: 4604.0613
A81: 2015 | B81: octubre | C81: 47.74 | D81: 0 | E81: 0 | F81: 0 | G81: 0 | H81: 3005.245 | I81: 138.64069 | J81: 3191.6256 | L81: 26.53101 | M81: 4.42129 | N81: 0 | O81: 3.28088 | P81: 24.59889 | R81: 1.87446 | S81: 60.70653 | U81: 0 | W81: 3252.3322 | X81: 60.70653 | Y81: 3191.6256
... A136: 2019 | B136: total | C136: 0 | D136: 0 | E136: 0 | F136: 0 | G136: 0 | H136: 7258.0227 | I136: 4489.3972 | J136: 11747.42 | L136: 460.94948 | M136: 206.85719 | N136: 5.05276 | O136: 232.44352 | P136: 55.21668 | R136: 0 | S136: 960.51963 | U136: 395.046 | W136: 13102.986 | X136: 1355.5656 | Y136: 11747.42
A137: 2020 | B137: enero | C137: 0 | D137: 0 | E137: 0 | F137: 0 | G137: 0 | H137: 560.26639 | I137: 1041.6821 | J137: 1601.9485 | L137: 135.72369 | M137: 24.91026 | N137: 0 | O137: 53.46135 | P137: 0 | Q137: 0 | R137: 51.78046 | S137: 265.87576 | U137: 49.66256 | W137: 1917.4868 | X137: 315.53832 | Y137: 1601.9485
A138: 2020 | B138: febrero | C138: 0 | D138: 0 | E138: 0 | F138: 0 | G138: 0 | H138: 120.52209 | I138: 38.63854 | J138: 159.16063 | L138: 68.77232 | M138: 23.89772 | N138: 0 | O138: 27.59934 | P138: 17.27264 | Q138: 0 | R138: 0 | S138: 137.54202 | U138: 54.0049 | W138: 350.70755 | X138: 191.54692 | Y138: 159.16063
A139: 2020 | B139: marzo | C139: 0 | D139: 0 | E139: 0 | F139: 0 | G139: 0 | H139: 165.88055 | I139: 160.33768 | J139: 326.21823 | L139: 59.92791 | M139: 19.25963 | N139: 0 | O139: 15.13328 | P139: 0 | Q139: 0 | R139: 0 | S139: 94.32082 | U139: 36.51987 | W139: 457.05892 | X139: 130.84069 | Y139: 326.21823
A140: 2020 | B140: abril | C140: 0 | D140: 0 | E140: 0 | F140: 0 | G140: 0 | H140: 73.60985 | I140: 7.17903 | J140: 80.78888 | L140: 10.67149 | M140: 11.311 | N140: 0 | O140: 28.11113 | P140: 15.974 | Q140: 0 | R140: 0 | S140: 66.06762 | U140: 15.46813 | W140: 162.32463 | X140: 81.53575 | Y140: 80.78888
A141: 2020 | B141: mayo | C141: 0 | D141: 0 | E141: 0 | F141: 0 | G141: 0 | H141: 154.31469 | I141: 1071.3138 | J141: 1225.6284 | L141: 8.95091 | M141: 8.10578 | N141: 0 | O141: 96.12213 | P141: 0 | Q141: 0 | R141: 0 | S141: 113.17882 | U141: 14.60658 | W141: 1353.4138 | X141: 127.7854 | Y141: 1225.6284
A142: 2020 | B142: junio | C142: 0 | D142: 0 | E142: 0 | F142: 0 | G142: 0 | H142: 548.77634 | I142: 729.67844 | J142: 1278.4548 | L142: 13.65271 | M142: 8.79516 | N142: 0 | O142: 48.9391 | P142: 0 | Q142: 0 | R142: 0 | S142: 71.38697 | U142: 6.46006 | W142: 1356.3018 | X142: 77.84703 | Y142: 1278.4548
A143: 2020 | B143: julio | C143: 0 | D143: 0 | E143: 0 | F143: 0 | G143: 0 | H143: 1047.3599 | I143: 396.96009 | J143: 1444.32 | L143: 10.94183 | M143: 7.6215 | N143: 0 | O143: 57.867 | P143: 0 | Q143: 0 | R143: 0 | S143: 76.43033 | U143: 19.20269 | W143: 1539.953 | X143: 95.63302 | Y143: 1444.32
A144: 2020 | B144: agosto | C144: 0 | D144: 0 | E144: 0 | F144: 0 | G144: 0 | H144: 617.9739 | I144: 13.67559 | J144: 631.64949 | L144: 48.35523 | M144: 7.61493 | N144: 0 | O144: 0 | P144: 90.99921 | Q144: 0 | R144: 0 | S144: 146.96937 | U144: 29.30597 | W144: 807.92483 | X144: 176.27534 | Y144: 631.64949
A145: 2020 | B145: septiembre | C145: 0 | D145: 0 | E145: 0 | F145: 0 | G145: 0 | H145: 727.68883 | I145: 77.4041 | J145: 805.09293 | L145: 37.43547 | M145: 9.58682 | N145: 0 | O145: 0 | P145: 0 | Q145: 0 | R145: 0 | S145: 47.02229 | U145: 17.84579 | W145: 869.96101 | X145: 64.86808 | Y145: 805.09293
A146: 2020 | B146: octubre | C146: 0 | D146: 0 | E146: 0 | F146: 0 | G146: 0 | H146: 1106.3821 | I146: 1406.1377 | J146: 2512.5198 | L146: 43.97116 | M146: 12.41932 | N146: 0 | O146: 0 | P146: 0 | Q146: 0 | R146: 0 | S146: 56.39048 | U146: 5.40755 | W146: 2574.3178 | X146: 61.79803 | Y146: 2512.5198
A147: 2020 | B147: noviembre | C147: 0 | D147: 0 | E147: 0 | F147: 0 | G147: 0 | H147: 532.29017 | I147: 737.01521 | J147: 1269.3054 | L147: 54.11361 | M147: 14.55 | N147: 0 | O147: 29.38678 | P147: 0 | Q147: 0 | R147: 145.13883 | S147: 243.18922 | U147: 23.634 | W147: 1536.1286 | X147: 266.82322 | Y147: 1269.3054
A148: 2020 | B148: diciembre | C148: 0 | D148: 0 | E148: 0 | F148: 0 | G148: 0 | H148: 661.89276 | I148: 7.07459 | J148: 668.96735 | L148: 50.477 | M148: 14.62293 | N148: 0 | O148: 0 | P148: 0 | Q148: 0 | R148: 0 | S148: 65.09993 | U148: 3.718 | W148: 737.78528 | X148: 68.81793 | Y148: 668.96735
... A219: 2026 | B219: mayo | C219: 0 | D219: 0 | E219: 0 | F219: 0 | G219: 780.807 | H219: 116.70973 | I219: 2065.3697 | J219: 2962.8864 | L219: 620.78339 | M219: 71.38121 | N219: 48.87613 | O219: 555.08205 | P219: 152.6333 | Q219: 0.22856 | R219: 0 | S219: 1448.9846 | U219: 0 | W219: 4411.8711 | X219: 1448.9846 | Y219: 2962.8864
C220: 0 | D220: 0 | E220: 0 | F220: 0 | G220: 0 | H220: 0 | I220: 0 | J220: 0 | L220: 0 | M220: 0 | N220: 0 | O220: 0 | P220: 0 | Q220: 0 | R220: 0 | S220: 0 | U220: 0 | W220: 0 | X220: 0 | Y220: 0
C221: 0 | D221: 0 | E221: 0 | F221: 0 | G221: 0 | H221: 0 | I221: 0 | J221: 0 | L221: 0 | M221: 0 | N221: 0 | O221: 0 | P221: 0 | Q221: 0 | R221: 0 | S221: 0 | U221: 0 | W221: 0 | X221: 0 | Y221: 0
C222: 0 | D222: 0 | E222: 0 | F222: 0 | G222: 0 | H222: 0 | I222: 0 | J222: 0 | L222: 0 | M222: 0 | N222: 0 | O222: 0 | P222: 0 | Q222: 0 | R222: 0 | S222: 0 | U222: 0 | W222: 0 | X222: 0 | Y222: 0
C223: 0 | D223: 0 | E223: 0 | F223: 0 | G223: 0 | H223: 0 | I223: 0 | J223: 0 | L223: 0 | M223: 0 | N223: 0 | O223: 0 | P223: 0 | Q223: 0 | R223: 0 | S223: 0 | U223: 0 | W223: 0 | X223: 0 | Y223: 0
C224: 0 | D224: 0 | E224: 0 | F224: 0 | G224: 0 | H224: 0 | I224: 0 | J224: 0 | L224: 0 | M224: 0 | N224: 0 | O224: 0 | P224: 0 | Q224: 0 | R224: 0 | S224: 0 | U224: 0 | W224: 0 | X224: 0 | Y224: 0
C225: 0 | D225: 0 | E225: 0 | F225: 0 | G225: 0 | H225: 0 | I225: 0 | J225: 0 | L225: 0 | M225: 0 | N225: 0 | O225: 0 | P225: 0 | Q225: 0 | R225: 0 | S225: 0 | U225: 0 | W225: 0 | X225: 0 | Y225: 0
C226: 0 | D226: 0 | E226: 0 | F226: 0 | G226: 0 | H226: 0 | I226: 0 | J226: 0 | L226: 0 | M226: 0 | N226: 0 | O226: 0 | P226: 0 | Q226: 0 | R226: 0 | S226: 0 | U226: 0 | W226: 0 | X226: 0 | Y226: 0
C228: 0 | D228: 0 | E228: 0 | G228: 0 | H228: 0 | I228: 0 | J228: 0 | L228: 0 | M228: 0 | N228: 0 | O228: 0 | P228: 0 | R228: 0 | S228: 0 | W228: 0 | X228: 0 | Y228: 0
C229: 0 | D229: 0 | E229: 0 | G229: 0 | H229: 0 | I229: 0 | J229: 0 | L229: 0 | M229: 0 | N229: 0 | O229: 0 | P229: 0 | R229: 0 | S229: 0 | W229: 0 | X229: 0 | Y229: 0
C230: 0 | D230: 0 | E230: 0 | G230: 0 | H230: 0 | I230: 0 | J230: 0 | L230: 0 | M230: 0 | N230: 0 | O230: 0 | P230: 0 | R230: 0 | S230: 0 | W230: 0 | X230: 0 | Y230: 0
C231: 0 | D231: 0 | E231: 0 | G231: 0 | H231: 0 | I231: 0 | J231: 0 | L231: 0 | M231: 0 | N231: 0 | O231: 0 | P231: 0 | R231: 0 | S231: 0 | W231: 0 | X231: 0 | Y231: 0
C232: 0 | D232: 0 | E232: 0 | G232: 0 | H232: 0 | I232: 0 | J232: 0 | L232: 0 | M232: 0 | N232: 0 | O232: 0 | P232: 0 | R232: 0 | S232: 0 | W232: 0 | X232: 0 | Y232: 0
C233: 0 | D233: 0 | E233: 0 | G233: 0 | H233: 0 | I233: 0 | J233: 0 | L233: 0 | M233: 0 | N233: 0 | O233: 0 | P233: 0 | R233: 0 | S233: 0 | W233: 0 | X233: 0 | Y233: 0
C234: 0 | D234: 0 | E234: 0 | G234: 0 | H234: 0 | I234: 0 | J234: 0 | L234: 0 | M234: 0 | N234: 0 | O234: 0 | P234: 0 | R234: 0 | S234: 0 | W234: 0 | X234: 0 | Y234: 0
C235: 0 | D235: 0 | E235: 0 | G235: 0 | H235: 0 | I235: 0 | J235: 0 | L235: 0 | M235: 0 | N235: 0 | O235: 0 | P235: 0 | R235: 0 | S235: 0 | W235: 0 | X235: 0 | Y235: 0
C236: 0 | D236: 0 | E236: 0 | G236: 0 | H236: 0 | I236: 0 | J236: 0 | L236: 0 | M236: 0 | N236: 0 | O236: 0 | P236: 0 | R236: 0 | S236: 0 | W236: 0 | X236: 0 | Y236: 0
C237: 0 | D237: 0 | E237: 0 | G237: 0 | H237: 0 | I237: 0 | J237: 0 | L237: 0 | M237: 0 | N237: 0 | O237: 0 | P237: 0 | R237: 0 | S237: 0 | W237: 0 | X237: 0 | Y237: 0
C238: 0 | D238: 0 | E238: 0 | G238: 0 | H238: 0 | I238: 0 | J238: 0 | L238: 0 | M238: 0 | N238: 0 | O238: 0 | P238: 0 | R238: 0 | S238: 0 | W238: 0 | X238: 0 | Y238: 0
C239: 0 | D239: 0 | E239: 0 | G239: 0 | H239: 0 | I239: 0 | J239: 0 | L239: 0 | M239: 0 | N239: 0 | O239: 0 | P239: 0 | R239: 0 | S239: 0 | W239: 0 | X239: 0 | Y239: 0
... C490: 0 | D490: 0 | E490: 0 | G490: 0 | H490: 0 | I490: 0 | J490: 0 | L490: 0 | M490: 0 | N490: 0 | O490: 0 | P490: 0 | R490: 0 | S490: 0 | W490: 0 | X490: 0 | Y490: 0
